Workbook

Sheet Summary
A1: TDM 4-Channel Mux/Demux - RTL vs Golden Model Verification
A3: Run information (latest run)
A4: Latest run # | B4: 1
A5: Run date / time | B5: 2026-10-22 16:04:25
A6: Input file | B6: input_vectors.hex
A7: Simulator / tool | B7: Vivado XSIM (GUI run)
A8: Reference model | B8: Python golden model (golden_model.TDMGoldenModel)
A9: Design under test | B9: tdm_top (tdm_counter, tdm_mux, tx_shift_reg, rx_shift_reg, tdm_demux)
A10: Runs recorded in this workbook | B10: =MAX(Results!$A$2:$A$201)
A11: Clock period (ns) | B11: 10 | C11: <- editable
A12: Max allowed latency (cycles) | B12: 41 | C12: <- editable
A14: Latest run - verification summary
A15: Total vectors | B15: =COUNTA(Results!$D$2:$D$201)
A16: Vectors passed | B16: =COUNTIF(Results!$T$2:$T$201,"PASS")
A17: Vectors failed | B17: =B15-B16
A18: Pass rate | B18: =IF(B15=0,0,B16/B15)
A19: Overall status | B19: =IF(AND(B15>0,B17=0,B28="PASS"),"PASS","FAIL")
A21: Latest run - latency | B21: Cycles | C21: ns
A22: Cold start (vector 0) | B22: =Results!Q2 | C22: =IF(ISNUMBER(B22),B22*$B$11,"n/a")
A23: Mid-stream minimum | B23: =MIN(Results!$Q$3:$Q$201) | C23: =IF(ISNUMBER(B23),B23*$B$11,"n/a")
A24: Mid-stream maximum | B24: =MAX(Results!$Q$3:$Q$201) | C24: =IF(ISNUMBER(B24),B24*$B$11,"n/a")
A25: Mid-stream average | B25: =AVERAGE(Results!$Q$3:$Q$201) | C25: =IF(ISNUMBER(B25),B25*$B$11,"n/a")
A26: Worst case of all vectors | B26: =MAX(Results!$Q$2:$Q$201) | C26: =IF(ISNUMBER(B26),B26*$B$11,"n/a")
A27: Allowed maximum | B27: =B12 | C27: =IF(ISNUMBER(B27),B27*$B$11,"n/a")
A28: Latency check | B28: =IF(AND(MIN(Results!$Q$2:$Q$201)>=0,MAX(Results!$Q$2:$Q$201)<=B12),"PASS","FAIL")
A30: All runs (cumulative)
A31: Runs recorded | B31: =B10
A32: Total vectors checked | B32: =COUNTA(Results!$D$2:$D$201)
A33: Vectors passed | B33: =COUNTIF(Results!$T$2:$T$201,"PASS")
A34: Vectors failed | B34: =B32-B33
A35: Pass rate | B35: =IF(B32=0,0,B33/B32)
A36: Worst latency of all runs (cycles) | B36: =MAX(Results!$Q$2:$Q$201)
A37: Average mid-stream latency (cycles) | B37: =IFERROR(AVERAGEIF(Results!$E$2:$E$201,"Mid-stream",Results!$Q$2:$Q$201),"n/a")
A38: Overall status (all runs) | B38: =IF(AND(B32>0,B34=0,MIN(Results!$Q$2:$Q$201)>=0,B36<=B12),"PASS","FAIL")
A40: Every run is appended to the Results sheet (filter by Run #); the sections above are formulas over the Results sheet. Vector 0 of a run is a cold start (latency counted from reset release); later vectors change the inputs mid-stream at bit_count = 24. If values look empty, click 'Enable Editing' in Excel.

Sheet Results
A1: Run # | B1: Run date / time | C1: Input file | D1: Vector # | E1: Type | F1: Input (hex) | G1: CH0 in | H1: CH1 in | I1: CH2 in | J1: CH3 in | K1: Golden CHx_OUT (hex) | L1: RTL CHx_OUT (hex) | M1: Output check | N1: Golden bit stream (32 bit) | O1: RTL bit stream (32 bit) | P1: Stream check | Q1: Latency (cycles) | R1: Latency (ns) | S1: Latency check | T1: Result
A2: 1 | B2: 2026-10-22 16:04:25 | C2: input_vectors.hex | D2: 0 | E2: Cold start | F2: A3B1799D | G2: =MID(F2,1,2) | H2: =MID(F2,3,2) | I2: =MID(F2,5,2) | J2: =MID(F2,7,2) | K2: A3B1799D | L2: A3B1799D | M2: =IF(K2=L2,"MATCH","MISMATCH") | N2: 10100011101100010111100110011101 | O2: 10100011101100010111100110011101 | P2: =IF(N2=O2,"MATCH","MISMATCH") | Q2: 33 | R2: =IF(Q2<0,"n/a",Q2*Summary!$B$11) | S2: =IF(Q2<0,"NEVER",IF(Q2<=Summary!$B$12,"OK","OVER LIMIT")) | T2: =IF(AND(M2="MATCH",P2="MATCH",S2="OK"),"PASS","FAIL")
A3: 1 | B3: 2026-10-22 16:04:25 | C3: input_vectors.hex | D3: 1 | E3: Mid-stream | F3: 1C80317F | G3: =MID(F3,1,2) | H3: =MID(F3,3,2) | I3: =MID(F3,5,2) | J3: =MID(F3,7,2) | K3: 1C80317F | L3: 1C80317F | M3: =IF(K3=L3,"MATCH","MISMATCH") | N3: 00011100100000000011000101111111 | O3: 00011100100000000011000101111111 | P3: =IF(N3=O3,"MATCH","MISMATCH") | Q3: 40 | R3: =IF(Q3<0,"n/a",Q3*Summary!$B$11) | S3: =IF(Q3<0,"NEVER",IF(Q3<=Summary!$B$12,"OK","OVER LIMIT")) | T3: =IF(AND(M3="MATCH",P3="MATCH",S3="OK"),"PASS","FAIL")
A4: 1 | B4: 2026-10-22 16:04:25 | C4: input_vectors.hex | D4: 2 | E4: Mid-stream | F4: 06671AD1 | G4: =MID(F4,1,2) | H4: =MID(F4,3,2) | I4: =MID(F4,5,2) | J4: =MID(F4,7,2) | K4: 06671AD1 | L4: 06671AD1 | M4: =IF(K4=L4,"MATCH","MISMATCH") | N4: 00000110011001110001101011010001 | O4: 00000110011001110001101011010001 | P4: =IF(N4=O4,"MATCH","MISMATCH") | Q4: 40 | R4: =IF(Q4<0,"n/a",Q4*Summary!$B$11) | S4: =IF(Q4<0,"NEVER",IF(Q4<=Summary!$B$12,"OK","OVER LIMIT")) | T4: =IF(AND(M4="MATCH",P4="MATCH",S4="OK"),"PASS","FAIL")
A5: 1 | B5: 2026-10-22 16:04:25 | C5: input_vectors.hex | D5: 3 | E5: Mid-stream | F5: BDD640FB | G5: =MID(F5,1,2) | H5: =MID(F5,3,2) | I5: =MID(F5,5,2) | J5: =MID(F5,7,2) | K5: BDD640FB | L5: BDD640FB | M5: =IF(K5=L5,"MATCH","MISMATCH") | N5: 10111101110101100100000011111011 | O5: 10111101110101100100000011111011 | P5: =IF(N5=O5,"MATCH","MISMATCH") | Q5: 40 | R5: =IF(Q5<0,"n/a",Q5*Summary!$B$11) | S5: =IF(Q5<0,"NEVER",IF(Q5<=Summary!$B$12,"OK","OVER LIMIT")) | T5: =IF(AND(M5="MATCH",P5="MATCH",S5="OK"),"PASS","FAIL")
A6: 1 | B6: 2026-10-22 16:04:25 | C6: input_vectors.hex | D6: 4 | E6: Mid-stream | F6: 46685257 | G6: =MID(F6,1,2) | H6: =MID(F6,3,2) | I6: =MID(F6,5,2) | J6: =MID(F6,7,2) | K6: 46685257 | L6: 46685257 | M6: =IF(K6=L6,"MATCH","MISMATCH") | N6: 01000110011010000101001001010111 | O6: 01000110011010000101001001010111 | P6: =IF(N6=O6,"MATCH","MISMATCH") | Q6: 40 | R6: =IF(Q6<0,"n/a",Q6*Summary!$B$11) | S6: =IF(Q6<0,"NEVER",IF(Q6<=Summary!$B$12,"OK","OVER LIMIT")) | T6: =IF(AND(M6="MATCH",P6="MATCH",S6="OK"),"PASS","FAIL")
A7: 1 | B7: 2026-10-22 16:04:25 | C7: input_vectors.hex | D7: 5 | E7: Mid-stream | F7: 3EB13B90 | G7: =MID(F7,1,2) | H7: =MID(F7,3,2) | I7: =MID(F7,5,2) | J7: =MID(F7,7,2) | K7: 3EB13B90 | L7: 3EB13B90 | M7: =IF(K7=L7,"MATCH","MISMATCH") | N7: 00111110101100010011101110010000 | O7: 00111110101100010011101110010000 | P7: =IF(N7=O7,"MATCH","MISMATCH") | Q7: 40 | R7: =IF(Q7<0,"n/a",Q7*Summary!$B$11) | S7: =IF(Q7<0,"NEVER",IF(Q7<=Summary!$B$12,"OK","OVER LIMIT")) | T7: =IF(AND(M7="MATCH",P7="MATCH",S7="OK"),"PASS","FAIL")
A8: 1 | B8: 2026-10-22 16:04:25 | C8: input_vectors.hex | D8: 6 | E8: Mid-stream | F8: 392456DE | G8: =MID(F8,1,2) | H8: =MID(F8,3,2) | I8: =MID(F8,5,2) | J8: =MID(F8,7,2) | K8: 392456DE | L8: 392456DE | M8: =IF(K8=L8,"MATCH","MISMATCH") | N8: 00111001001001000101011011011110 | O8: 00111001001001000101011011011110 | P8: =IF(N8=O8,"MATCH","MISMATCH") | Q8: 40 | R8: =IF(Q8<0,"n/a",Q8*Summary!$B$11) | S8: =IF(Q8<0,"NEVER",IF(Q8<=Summary!$B$12,"OK","OVER LIMIT")) | T8: =IF(AND(M8="MATCH",P8="MATCH",S8="OK"),"PASS","FAIL")
A9: 1 | B9: 2026-10-22 16:04:25 | C9: input_vectors.hex | D9: 7 | E9: Mid-stream | F9: 23B8C1E9 | G9: =MID(F9,1,2) | H9: =MID(F9,3,2) | I9: =MID(F9,5,2) | J9: =MID(F9,7,2) | K9: 23B8C1E9 | L9: 23B8C1E9 | M9: =IF(K9=L9,"MATCH","MISMATCH") | N9: 00100011101110001100000111101001 | O9: 00100011101110001100000111101001 | P9: =IF(N9=O9,"MATCH","MISMATCH") | Q9: 40 | R9: =IF(Q9<0,"n/a",Q9*Summary!$B$11) | S9: =IF(Q9<0,"NEVER",IF(Q9<=Summary!$B$12,"OK","OVER LIMIT")) | T9: =IF(AND(M9="MATCH",P9="MATCH",S9="OK"),"PASS","FAIL")
A10: 1 | B10: 2026-10-22 16:04:25 | C10: input_vectors.hex | D10: 8 | E10: Mid-stream | F10: BC8960A9 | G10: =MID(F10,1,2) | H10: =MID(F10,3,2) | I10: =MID(F10,5,2) | J10: =MID(F10,7,2) | K10: BC8960A9 | L10: BC8960A9 | M10: =IF(K10=L10,"MATCH","MISMATCH") | N10: 10111100100010010110000010101001 | O10: 10111100100010010110000010101001 | P10: =IF(N10=O10,"MATCH","MISMATCH") | Q10: 40 | R10: =IF(Q10<0,"n/a",Q10*Summary!$B$11) | S10: =IF(Q10<0,"NEVER",IF(Q10<=Summary!$B$12,"OK","OVER LIMIT")) | T10: =IF(AND(M10="MATCH",P10="MATCH",S10="OK"),"PASS","FAIL")
A11: 1 | B11: 2026-10-22 16:04:25 | C11: input_vectors.hex | D11: 9 | E11: Mid-stream | F11: 1A3D1FA7 | G11: =MID(F11,1,2) | H11: =MID(F11,3,2) | I11: =MID(F11,5,2) | J11: =MID(F11,7,2) | K11: 1A3D1FA7 | L11: 1A3D1FA7 | M11: =IF(K11=L11,"MATCH","MISMATCH") | N11: 00011010001111010001111110100111 | O11: 00011010001111010001111110100111 | P11: =IF(N11=O11,"MATCH","MISMATCH") | Q11: 40 | R11: =IF(Q11<0,"n/a",Q11*Summary!$B$11) | S11: =IF(Q11<0,"NEVER",IF(Q11<=Summary!$B$12,"OK","OVER LIMIT")) | T11: =IF(AND(M11="MATCH",P11="MATCH",S11="OK"),"PASS","FAIL")
A12: 1 | B12: 2026-10-22 16:04:25 | C12: input_vectors.hex | D12: 10 | E12: Mid-stream | F12: AD3C2D6D | G12: =MID(F12,1,2) | H12: =MID(F12,3,2) | I12: =MID(F12,5,2) | J12: =MID(F12,7,2) | K12: AD3C2D6D | L12: AD3C2D6D | M12: =IF(K12=L12,"MATCH","MISMATCH") | N12: 10101101001111000010110101101101 | O12: 10101101001111000010110101101101 | P12: =IF(N12=O12,"MATCH","MISMATCH") | Q12: 40 | R12: =IF(Q12<0,"n/a",Q12*Summary!$B$11) | S12: =IF(Q12<0,"NEVER",IF(Q12<=Summary!$B$12,"OK","OVER LIMIT")) | T12: =IF(AND(M12="MATCH",P12="MATCH",S12="OK"),"PASS","FAIL")
A13: 1 | B13: 2026-10-22 16:04:25 | C13: input_vectors.hex | D13: 11 | E13: Mid-stream | F13: BD9C66B3 | G13: =MID(F13,1,2) | H13: =MID(F13,3,2) | I13: =MID(F13,5,2) | J13: =MID(F13,7,2) | K13: BD9C66B3 | L13: BD9C66B3 | M13: =IF(K13=L13,"MATCH","MISMATCH") | N13: 10111101100111000110011010110011 | O13: 10111101100111000110011010110011 | P13: =IF(N13=O13,"MATCH","MISMATCH") | Q13: 40 | R13: =IF(Q13<0,"n/a",Q13*Summary!$B$11) | S13: =IF(Q13<0,"NEVER",IF(Q13<=Summary!$B$12,"OK","OVER LIMIT")) | T13: =IF(AND(M13="MATCH",P13="MATCH",S13="OK"),"PASS","FAIL")
... A201: 1 | B201: 2026-10-22 16:04:25 | C201: input_vectors.hex | D201: 199 | E201: Mid-stream | F201: F143262F | G201: =MID(F201,1,2) | H201: =MID(F201,3,2) | I201: =MID(F201,5,2) | J201: =MID(F201,7,2) | K201: F143262F | L201: F143262F | M201: =IF(K201=L201,"MATCH","MISMATCH") | N201: 11110001010000110010011000101111 | O201: 11110001010000110010011000101111 | P201: =IF(N201=O201,"MATCH","MISMATCH") | Q201: 40 | R201: =IF(Q201<0,"n/a",Q201*Summary!$B$11) | S201: =IF(Q201<0,"NEVER",IF(Q201<=Summary!$B$12,"OK","OVER LIMIT")) | T201: =IF(AND(M201="MATCH",P201="MATCH",S201="OK"),"PASS","FAIL")

Sheet History
A1: Run # | B1: Run date / time | C1: Input file | D1: Simulator / tool | E1: Vectors | F1: Passed | G1: Failed | H1: Cold start latency (cycles) | I1: Max latency (cycles) | J1: Overall
A2: 1 | B2: 2026-10-22 16:04:25 | C2: input_vectors.hex | D2: Vivado XSIM (GUI run) | E2: 200 | F2: 200 | G2: 0 | H2: 33 | I2: 40 | J2: PASS
